a,b,c,d,e,f
춘천 효자3동점,033-253-2271,강원도,춘천시,효자3동 756-6,강원도 춘천시 효자3동 756-6
원주 단계점,033-766-8861,강원도,원주시,명륜1동 308-25,강원도 원주시 명륜1동 308-25
강릉 옥천점,033-647-6420,강원도,강릉시,옥천동 157-6 1층,강원도 강릉시 옥천동 157-6 1층
강릉 포남점,033-651-8966,강원도,강릉시,포남동 1190-2,강원도 강릉시 포남동 1190-2
동해 발한점,033-532-5274,강원도,동해시,발한동 17-5 점포1층,강원도 동해시 발한동 17-5 점포1층
동해 천곡점,033-535-2747,강원도,동해시,천곡동 1029-2 1층,강원도 동해시 천곡동 1029-2 1층
속초 조양점(취),033-636-6898,강원도,속초시,조양동 1497-6,강원도 속초시 조양동 1497-6
삼척 도계점,033-541-3254,강원도,삼척시,도계읍 도계로 215 (구조소:전두리 81-28),강원도 삼척시 도계읍 도계로 215 
강원 대화점(취),033-333-2753,강원도,평창군,대화면 대화9리 1001-130,강원도 평창군 대화면 대화9리 1001-130
강원 영월점,033-374-0422,강원도,영월군,영월읍 영흥5리 979-6,강원도 영월군 영월읍 영흥5리 979-6
강원 정선점,033-563-0160,강원도,정선군,정선읍 봉양리 344-4,강원도 정선군 정선읍 봉양리 344-4
강원 진부점,033-335-9752,강원도,평창군,진부면 하진부리 206-72,강원도 평창군 진부면 하진부리 206-72
강원 홍천점,033-434-2406,강원도,홍천군,홍천읍 신장대리 9-6,강원도 홍천군 홍천읍 신장대리 9-6
원주 명륜점,033-763-7720,강원도,원주시,명륜동 277-10번지,강원도 원주시 명륜동 277-10번지
원주 중앙점,033-732-3999,강원도,원주시,중앙동 56-4,강원도 원주시 중앙동 56-4
춘천 운교점,033-255-0750,강원도,춘천시,운교동 179,강원도 춘천시 운교동 179
춘천 퇴계점,033-255-0493,강원도,춘천시,퇴계동 383-2 롯데슈퍼옆,강원도 춘천시 퇴계동 383-2 롯데슈퍼옆
춘천 신사우점,033-242-3617,강원도,춘천시,우두동 693-6번지,강원도 춘천시 우두동 693-6번지
태백 장성점(취),033-581-2001,강원도,태백시,장성동 160-18,강원도 태백시 장성동 160-18
태백 황지점,033-552-9957,강원도,태백시,황지동 38-193(자유시장內),강원도 태백시 황지동 38-193
강원삼척(직),033-572-2543,강원도 ,삼척시,당저동 33-3번지 홈플러스 1층 홈앤이브,강원도  삼척시 당저동 33-3번지 홈플러스 1층 홈앤이브
코디센 진접점,031-571-6272,경기도,남양주시,진접읍 장현리 207-8,경기도 남양주시 진접읍 장현리 207-8
(신)이천 창전1점,031-635-2783,경기도,이천시,창전동 156-4번지,경기도 이천시 창전동 156-4번지
이천 창전2점,031-637-2783,경기도,이천시,창전동 149-8번지,경기도 이천시 창전동 149-8번지
코디센 역곡점,032-343-2229,경기도,부천시,소사구 괴안동 109,경기도 부천시 소사구 괴안동 109
코디센 권선점,031-231-1213,경기도,수원시,권선구 권선동 990-4 혼수명품관 1층,경기도 수원시 권선구 권선동 990-4 혼수명품관 1층
군포 산본중앙점,031-396-5433,경기도,군포시,산본동 236-7,경기도 군포시 산본동 236-7
기흥 신갈점,031-281-8778,경기도,용인시,기흥구 신갈동 61-5,경기도 용인시 기흥구 신갈동 61-5
코디센 평내점,031-592-2588,경기도,남양주시,평내동 203-2 혜림빌딩 1층,경기도 남양주시 평내동 203-2 혜림빌딩 1층
부천 부천역점,032-663-9275,경기도,부천시 ,소사구 심곡본동 560번지 심곡파라곤 1층,경기도 부천시  소사구 심곡본동 560번지 심곡파라곤 1층
광주 곤지암점,031-797-5950,경기도,광주시,초월읍 쌍동리 175,경기도 광주시 초월읍 쌍동리 175
(신)하남,031-795-2979,경기도,하남시,덕풍동 309-63,경기도 하남시 덕풍동 309-63
광주 역동점,031-798-5283,경기도,광주시,역동 27-63,경기도 광주시 역동 27-63
성남 수진점,031-756-7323,경기도,성남시,수정구 수진1동 53번지 1층,경기도 성남시 수정구 수진1동 53번지 1층
성남 야탑점,031-703-5155,경기도,성남시,분당구 야탑동 382-3호,경기도 성남시 분당구 야탑동 382-3호
성남 중동점,031-743-3004,경기도,성남시,중원구 중동 149,경기도 성남시 중원구 중동 149
하남 베스코아점,031-795-8321,경기도,하남시,신장동 523-1 현대베스코아 1층,경기도 하남시 신장동 523-1 현대베스코아 1층
고양 고양점,031-964-1502,경기도,고양시,덕양구 고양동 197번지 삼성단지 내 상가 101호,경기도 고양시 덕양구 고양동 197번지 삼성단지 내 상가 101호
고양 주교점,031-965-0958,경기도,고양시,덕양구 주교동 609-3 코스모프라자 106-107호,경기도 고양시 덕양구 주교동 609-3 코스모프라자 106-107호
고양 행신점,031-970-4007,경기도,고양시,덕양구 행신동 726-5,경기도 고양시 덕양구 행신동 726-5
고양 화정점,031-811-7973,경기도,고양시,"덕양구 화정동 984 서일빌딩 1층 108,109호","경기도 고양시 덕양구 화정동 984 서일빌딩 1층 108,109호"
김포 북변점,031-985-8306,경기도,김포시,북변동 341-2,경기도 김포시 북변동 341-2
김포 통진점,031-989-0999,경기도,김포시,통진읍 도사리 657-3,경기도 김포시 통진읍 도사리 657-3
김포 한강신도시점(취),031-986-2942,경기도,김포시,장기동 1444번지 명가침구,경기도 김포시 장기동 1444번지 명가침구
일산 백석점,031-811-2201,경기도,고양시,일산동구 백석동 1288-2 남정 골드프라자 114호,경기도 고양시 일산동구 백석동 1288-2 남정 골드프라자 114호
일산 일산2동점,031-975-3737,경기도,고양시,일산구 일산2동 646-1,경기도 고양시 일산구 일산2동 646-1
일산 주엽점,031-919-7449,경기도,고양시,일산구 주엽동 83 강선마을12단지상가제에스 2호,경기도 고양시 일산구 주엽동 83 강선마을12단지상가제에스 2호
일산 탄현점,031-919-5888,경기도,고양시,일산서구 덕이동 303-9,경기도 고양시 일산서구 덕이동 303-9
파주 운정점,,경기도,파주시,"가람로 2번지. 센타프라자 108, 109호","경기도 파주시 가람로 2번지. 센타프라자 108, 109호"
파주 금촌점,031-944-2393,경기도,파주시,와동동 금촌동 767-6,경기도 파주시 와동동 금촌동 767-6
경기 전곡점,031-832-5533,경기도,연천군,전곡읍 전곡리 480-19,경기도 연천군 전곡읍 전곡리 480-19
동두천 생연2동점,031-865-3911,경기도,동두천,생연동 823-179,경기도 동두천 생연동 823-179
양주 고읍점,031-876-8824,경기도,양주,광사동 377-5,경기도 양주 광사동 377-5
양주 회정점,031-861-2989,경기도,양주,회정동 189-15 외 2 필지양주빌딩 B-1층,경기도 양주 회정동 189-15 외 2 필지양주빌딩 B-1층
의정부 가능1동점,031-875-8530,경기도,의정부,가능1동 616,경기도 의정부 가능1동 616
의정부 금오점,031-840-5656,경기도,의정부,금오동 446-21(2층),경기도 의정부 금오동 446-21(2층)
의정부 의정부1동점(취),031-846-5480,경기도,의정부,의정부1동 제일시장 44호,경기도 의정부 의정부1동 제일시장 44호
동두천 지행점,031-867-3031,경기도,동두천,지행동 691-5 영스포렉스 1층,경기도 동두천 지행동 691-5 영스포렉스 1층
의정부 의정부3동점,031-871-6885,경기도,의정부,98-16 동유빌딩 102호,경기도 의정부 98-16 동유빌딩 102호
의정부호원점,031-875-3038,경기도,의정부시,호원동 448-1번지 신도1차 아파트상가 116~119호,경기도 의정부시 호원동 448-1번지 신도1차 아파트상가 116~119호
포천 무봉리점,031-543-7744,경기도,포천,소흘읍 이동교리 389-1,경기도 포천 소흘읍 이동교리 389-1
광명 광명4점,02-2060-0082,경기도,광명시,광명동 158-305호,경기도 광명시 광명동 158-305호
시흥 대야점,031-315-3322,경기도,시흥시,대야동 455-1호,경기도 시흥시 대야동 455-1호
시흥 은행점,031-314-6754,경기도,시흥시,대야동 577-1 크리스탈 빌딩 101호~104호 ,경기도 시흥시 대야동 577-1 크리스탈 빌딩 101호~104호 
시흥 장곡점(취),031-318-4977,경기도,시흥시,장곡동 814-5 ,경기도 시흥시 장곡동 814-5 
시흥 정왕점,031-434-5939,경기도,시흥시,정왕동 1802-2 1층 ,경기도 시흥시 정왕동 1802-2 1층 
안산 고잔점,031-416-2942,경기도,안산시,단원구 고잔동 726-7,경기도 안산시 단원구 고잔동 726-7
안산 본오점,031-502-0900,경기도,안산시,"상록구 석호로 304 (본오동, 1층전체)","경기도 안산시 상록구 석호로 304 (본오동, 1층전체)"
안산 선부점,031-487-9411,경기도,안산시,단원구 선부동 1028 -1 일신건영휴먼빌상가 109,경기도 안산시 단원구 선부동 1028 -1 일신건영휴먼빌상가 109
안산 원곡2동점,031-486-5150,경기도,안산시,"단원구 원곡2동 846-3 D동1층 오픈32,36,56호","경기도 안산시 단원구 원곡2동 846-3 D동1층 오픈32,36,56호"
안산 월피다농점,031-482-4376,경기도,안산시,상록구 월피동 445-1번지 다농마트 2층,경기도 안산시 상록구 월피동 445-1번지 다농마트 2층
화성 동탄점,031-613-8862,경기도,화성시,동탄면 반송동 107-7 아시아프라자 상가 103.104호,경기도 화성시 동탄면 반송동 107-7 아시아프라자 상가 103.104호
화성 발안점,031-352-4646,경기도,화성시,향남면 행정리 426-1,경기도 화성시 향남면 행정리 426-1
화성 병점점,031-238-1195,경기도,화성시,진안동 876-2,경기도 화성시 진안동 876-2
화성 봉담점(취),031-227-1144,경기도,화성시,봉담읍 상리 27-15,경기도 화성시 봉담읍 상리 27-15
화성 와우리점,031-222-9801,경기도,화성시,봉담읍 동화리 140-2,경기도 화성시 봉담읍 동화리 140-2
화성 조암점(취),031-351-1278,경기도,화성시,우정읍 조암리 270-43,경기도 화성시 우정읍 조암리 270-43
군포 당동점,031-453-6202,경기도,군포시,당동 776-13번지,경기도 군포시 당동 776-13번지
수원 남문쌍용점,031-256-8496,경기도,수원시,팔달구 영동 영동시장 라동 227호,경기도 수원시 팔달구 영동 영동시장 라동 227호
수원 신영통점,031-205-3579,경기도,수원시,영통구 망포동 569-3 유림프라자 1층,경기도 수원시 영통구 망포동 569-3 유림프라자 1층
수원 영통점,031-203-4448,경기도,수원시,"영통구 영통동 996-4 보보스프라자 105호,106호","경기도 수원시 영통구 영통동 996-4 보보스프라자 105호,106호"
수원 정자2동점,031-243-5235,경기도,수원시,장안구 정자2동 16-2 롯데쇼핑1층 108호,경기도 수원시 장안구 정자2동 16-2 롯데쇼핑1층 108호
수원 율전점,031-297-0069,경기도,수원시,장안구 율전동 292-7 우신빌딩 101호,경기도 수원시 장안구 율전동 292-7 우신빌딩 101호
수원 연무점,031-244-8552,경기도,수원시,장안구 연무동 234-8,경기도 수원시 장안구 연무동 234-8
수원 중동점(취),031-243-3477,경기도,수원시,팔달구 중동 112,경기도 수원시 팔달구 중동 112
수원 화서점,031-244-4362,경기도,수원시,팔달구 화서동 113-26,경기도 수원시 팔달구 화서동 113-26
안양 관양점,031-388-8821,경기도,안양시,동안구 관양동 1446-1 인덕빌딩,경기도 안양시 동안구 관양동 1446-1 인덕빌딩
안양 안양점,031-464-2990,경기도,안양시,만안구 안양동 837-21 진성빌딩1층,경기도 안양시 만안구 안양동 837-21 진성빌딩1층
안양 중앙시장점,031-449-6769,경기도,안양시,만안구 안양4동 중앙시장 676-224 ,경기도 안양시 만안구 안양4동 중앙시장 676-224 
안양 호계2점,031-477-4323,경기도,안양시,동안구 호계2동 986-18 윤성빌딩 1층 102호 103호,경기도 안양시 동안구 호계2동 986-18 윤성빌딩 1층 102호 103호
오산 오산점,031-373-1323,경기도,오산시,오산동 865-1 대동다숲상가 1층 (롯데마트 옆),경기도 오산시 오산동 865-1 대동다숲상가 1층 (롯데마트 옆)
의왕 내손점(취),031-422-5566,경기도,의왕시,내손2동 684-11 1층상가 2호,경기도 의왕시 내손2동 684-11 1층상가 2호
경기 여주점,031-885-9212,경기도,여주군,여주읍 하리 252-8,경기도 여주군 여주읍 하리 252-8
기흥 마북점,031-284-7949,경기도,용인시,기흥구 마북동 370-5,경기도 용인시 기흥구 마북동 370-5
기흥 중동점,031-281-0044,경기도,용인시,기흥구 중동 829번지 골드프라자 A동 108,경기도 용인시 기흥구 중동 829번지 골드프라자 A동 108
수지 동천동점,031-266-2333,경기도,용인시,수지구 동천동117-28  남서울비전교육관 1층,경기도 용인시 수지구 동천동117-28  남서울비전교육관 1층
수지 죽전점,031-276-7943,경기도,용인시,수지구 죽전동 305-2 외 1필지죽전프라자 103,경기도 용인시 수지구 죽전동 305-2 외 1필지죽전프라자 103
용인 중앙점,031-321-5862,경기도,용인시,처인구 김량장동 334-2 거성빌딩 1층,경기도 용인시 처인구 김량장동 334-2 거성빌딩 1층
평택 안중점,031-682-2247,경기도,평택시,안중읍 안중리 274-10 바이오빌딩 1층,경기도 평택시 안중읍 안중리 274-10 바이오빌딩 1층
평택 이충점,031-665-2989,경기도,평택시,이충동 463-48 1층,경기도 평택시 이충동 463-48 1층
평택 지산점,031-662-0147,경기도,평택시,지산동 857-3,경기도 평택시 지산동 857-3
평택 지제점,031-618-9360,경기도,평택시,지제동 613-3,경기도 평택시 지제동 613-3
평택 통복점,031-656-6870,경기도,평택시,평택동 68-15,경기도 평택시 평택동 68-15
부천 심곡본점(취),032-651-5263,경기도,부천시,소사구 심곡본동 545 부천자유시장내,경기도 부천시 소사구 심곡본동 545 부천자유시장내
부천 상동점,032-323-3413,경기도,부천시,원미구 상동 541-1 메가프러스 1층 25,경기도 부천시 원미구 상동 541-1 메가프러스 1층 25
부천 소사본동점,032-347-0181,경기도,부천시,소사구 소사본동 160-9,경기도 부천시 소사구 소사본동 160-9
부천 심곡1동점,032-656-2174,경기도,부천시,원미구 심곡1동 35,경기도 부천시 원미구 심곡1동 35
코디센 소명사거리점,032-612-9218,경기도,부천시,원미구 심곡동 129-6,경기도 부천시 원미구 심곡동 129-6
부천 원종점,032-671-4220,경기도,부천시,오정구 원종동 373-10 대은빌딩 1층,경기도 부천시 오정구 원종동 373-10 대은빌딩 1층
부천 중4동점,032-324-6600,경기도,부천시,원미구 중4동 1033-3번지 굿모닝 프라자 113호,경기도 부천시 원미구 중4동 1033-3번지 굿모닝 프라자 113호
구리 교문점,031-557-9810,경기도,구리시,교문1동 193-90,경기도 구리시 교문1동 193-90
(신)구리 인창점,031-556-9225,경기도,구리시,인창동 408-12 화성빌딩 1층 (신주소:동구릉로 124),경기도 구리시 인창동 408-12 화성빌딩 1층 (신주소:동구릉로 124)
남양주 오남점,031-574-1631,경기도,남양주시,오남읍 오남리 264-5,경기도 남양주시 오남읍 오남리 264-5
김포풍무점(사),031-986-6606,경기도,김포시,풍무동 38-1번지 홈플러스 풍무점 1층 이브자리,경기도 김포시 풍무동 38-1번지 홈플러스 풍무점 1층 이브자리
경기김포점(사),031-981-3621,경기도,김포시,중봉로14 홈플러스 김포점1층 이브자리,경기도 김포시 중봉로14 홈플러스 김포점1층 이브자리
북수원점(사),031-241-9870,경기도,수원시,장안구 조원동 896 북수원 홈플러스 2층 홈앤이브,경기도 수원시 장안구 조원동 896 북수원 홈플러스 2층 홈앤이브
서수원(홈)(사),031-292-8812,경기도,수원시,권선구 금곡동 서수원 160 홈플러스 2층 홈앤이브,경기도 수원시 권선구 금곡동 서수원 160 홈플러스 2층 홈앤이브
거제 장평점,055-633-7729,경남,거제시,신협읍 장평리 58-9,경남 거제시 신협읍 장평리 58-9
경남 고성점,055-674-7131,경남,고성군,고성읍 동외리 271-3,경남 고성군 고성읍 동외리 271-3
김해 구산점,055-333-9091,경남,김해시,구산동 1050-2번지 다이아몬드B/D 108호,경남 김해시 구산동 1050-2번지 다이아몬드B/D 108호
김해 서상점,055-332-8950,경남,김해시,서상동 333-1,경남 김해시 서상동 333-1
진주 대안점 ,055-741-4115,경남,진주시,대안동 10-3,경남 진주시 대안동 10-3
진주 중앙시장점,055-743-4500,경남,진주시,대안동 8-361 중앙시장 2구 35호,경남 진주시 대안동 8-361 중앙시장 2구 35호
진주 초전점,055-754-2982,경남,진주시,초전동 1071-2,경남 진주시 초전동 1071-2
통영 죽림점,055-646-3888,경남,통영시,광도면 죽림리 1570,경남 통영시 광도면 죽림리 1570
경남 삼천포점,055-833-2220,경남,사천시,선구동 중앙로 37-1(선구동),경남 사천시 선구동 중앙로 37-1(선구동)
김해 진영점,055-343-7003,경남,김해시,진영읍 여래로 22,경남 김해시 진영읍 여래로 22
경남 거창점,055-945-2988,경남,거창군,거창읍 대동리 832-1,경남 거창군 거창읍 대동리 832-1
경남 함양점,055-963-2856,경남,함양군,함양읍 용평리 612-8 (고운로66),경남 함양군 함양읍 용평리 612-8 (고운로66)
마산 석전점,055-292-9766,경남,창원시,마산회원구 석전2동 225-12,경남 창원시 마산회원구 석전2동 225-12
마산 신포점,055-241-2536,경남,창원시,마산합포구 동서동 2길 47,경남 창원시 마산합포구 동서동 2길 47
진해 여좌점,055-542-7607,경남,진해시,창원시 진해구 여좌동 801-2,경남 진해시 창원시 진해구 여좌동 801-2
창원 상남점,055-262-7365,경남,창원시,상남동 45-1번지 성원주상가 2층 102호,경남 창원시 상남동 45-1번지 성원주상가 2층 102호
창원 대방점,055-285-4418,경남,창원시,성산구 대방동 332-5,경남 창원시 성산구 대방동 332-5
하동점,055-884-7533,경남,하동군,하동읍 읍내리 319-15,경남 하동군 하동읍 읍내리 319-15
(신)양산 중부점,055-387-0070,경남,양산시,중부동 432-13 (신주소:서일동로 33-1),경남 양산시 중부동 432-13 (신주소:서일동로 33-1)
창원 중앙점,055-261-4300,경남,창원시,"성산구 용지로 83 (중앙동,1층)","경남 창원시 성산구 용지로 83 (중앙동,1층)"
밀양 내일동점,055-356-2896,경남,밀양시,내일동 388-5,경남 밀양시 내일동 388-5
경북 북면점(취),054-783-2812,경북,울진군,북면 부구리 174-6,경북 울진군 북면 부구리 174-6
경북 울진점(취),054-782-8500,경북,울진군,울진읍 읍내리 54-7,경북 울진군 울진읍 읍내리 54-7
구미 봉곡점,054-444-2358,경북,구미시,봉곡동 376-1,경북 구미시 봉곡동 376-1
구미 송정점,054-455-8861,경북,구미시,송정동 463-5번지,경북 구미시 송정동 463-5번지
구미 원평점,054-453-7791,경북,구미시,원평동 365-22번지,경북 구미시 원평동 365-22번지
안동 옥동점,054-859-4848,경북,안동시,옥동 784-6번지,경북 안동시 옥동 784-6번지
안동 옥야점,054-853-6905,경북,안동시,옥야동 산 238,경북 안동시 옥야동 산 238
포항 대이점,054-272-1406,경북,포항시,남구 이동 660-16,경북 포항시 남구 이동 660-16
포항 장성점,054-256-7068,경북,포항시,북구 장성동 1352-2,경북 포항시 북구 장성동 1352-2
포항 죽도점,054-248-6967,경북,포항시,북구 죽도1동 2-479,경북 포항시 북구 죽도1동 2-479
포항 학산점,054-246-2080,경북,포항시,북구 학산동 192-6,경북 포항시 북구 학산동 192-6
경북 상주점,054-534-2070,경북,상주시,서성동 132-1번지 1층,경북 상주시 서성동 132-1번지 1층
경북 영천점,054-334-4057,경북,영천시,완산동 988-15,경북 영천시 완산동 988-15
경북 예천점,054-654-3021,경북,예천군,예천읍 남본리 222-154,경북 예천군 예천읍 남본리 222-154
경산 중방점,053-813-2570,경북,경산시,경안로 211 (중방동),경북 경산시 경안로 211 (중방동)
경산 하양점,053-851-1660,경북,경산시,하양읍 금락리 35-21,경북 경산시 하양읍 금락리 35-21
경주 안강점,054-761-0824,경북,경주시,안강읍 양월4리 1358-26,경북 경주시 안강읍 양월4리 1358-26
경주 중앙점,054-774-8878,경북,경주시,노동동 172-6,경북 경주시 노동동 172-6
경주 황성점,054-771-7042,경북,경주시,황성동 521-66,경북 경주시 황성동 521-66
김천 평화점,054-435-8831,경북,김천시 ,평화동 김천로 65-1,경북 김천시  평화동 김천로 65-1
문경 점촌2점(취),054-552-1733,경북,문경시,점촌동 371-20,경북 문경시 점촌동 371-20
문경 점촌점,054-555-8056,경북,문경시,점촌동 중앙로 19번지,경북 문경시 점촌동 중앙로 19번지
영주 영주점,054-635-5106,경북,영주시,영주동 549,경북 영주시 영주동 549
영주 휴천점,054-633-6033,경북,영주시,휴천동 303-16,경북 영주시 휴천동 303-16
경북안동점(사),054-841-4705,경북,안동시,운흥동 247-58.안동홈플러스 2층 이브자리,경북 안동시 운흥동 247-58.안동홈플러스 2층 이브자리
광주 금호월드점,062-350-8622,광주,서구,화정동 12-17 금호월드 6층 611호,광주 서구 화정동 12-17 금호월드 6층 611호
광주 금호점,062-381-2240,광주,서구,금호동 753-6,광주 서구 금호동 753-6
광주 문흥점,062-265-7235,광주,북구,문흥동 999-3,광주 북구 문흥동 999-3
광주 삼각점,062-573-2849,광주,북구,삼각동 492-5,광주 북구 삼각동 492-5
광주 월산점,062-362-5313,광주,남구,월산동 187-13,광주 남구 월산동 187-13
광주 진월점,062-653-0098,광주,남구,진월동 262-4,광주 남구 진월동 262-4
광주 충장로점,062-223-3390,광주,동구,충장로5가 96-15번지,광주 동구 충장로5가 96-15번지
광주 쌍촌점,062-382-0058,광주,서구,쌍촌동 948-37,광주 서구 쌍촌동 948-37
광주 신가점,062-952-9485,광주,광산구,신가동 930-6,광주 광산구 신가동 930-6
광주 우산점,062-262-8086,광주,북구,우산동 208-10,광주 북구 우산동 208-10
광주 첨단쌍암점,062-972-0886,광주,광산구,쌍암동 669-4 1층,광주 광산구 쌍암동 669-4 1층
광주 양동점,062-369-3003,광주,서구,양동 5-60,광주 서구 양동 5-60
코디센 광주양산점,062-576-2849,광주,북구,양산동 하서로 402번지.,광주 북구 양산동 하서로 402번지.
광주 월곡점,062-951-1525,광주,광산구,월곡1동 689-2,광주 광산구 월곡1동 689-2
동광주점(사),062-266-7236,광주,북구,두암동 575-1번지 홈플러스 1층 홈앤이브,광주 북구 두암동 575-1번지 홈플러스 1층 홈앤이브
구미 진평점,054-471-2989,대구,구미시,진평동 64-3,대구 구미시 진평동 64-3
대구 대봉점,053-475-7799,대구,남구,이천동 193-19번지,대구 남구 이천동 193-19번지
대구 산격점,053-601-1128,대구,북구,산격동 1668 섬유제품관 1128/1127,대구 북구 산격동 1668 섬유제품관 1128/1127
대구 상인점,053-636-5777,대구,달서구 ,상인동 1396-2,대구 달서구  상인동 1396-2
대구 수성4동점,053-746-6333,대구,수성구,수성동 4가 1186-70번지,대구 수성구 수성동 4가 1186-70번지
대구 이곡점,053-584-2897,대구,달서구 ,이곡동 1000-193,대구 달서구  이곡동 1000-193
대구 율하점,053-963-4680,대구,동구,율하동 1290번지,대구 동구 율하동 1290번지
대구 진천점,053-636-5770,대구,달서구 ,진천동 653번지,대구 달서구  진천동 653번지
대구 감삼점,053-573-8886,대구,달서구 ,감삼동 65-4,대구 달서구  감삼동 65-4
대구 관음점,053-325-5333,대구,북구,관음동 1383-11,대구 북구 관음동 1383-11
대구 대신점,053-255-0519,대구,중구,대신동 115-377 (4지구 2층 10열),대구 중구 대신동 115-377 (4지구 2층 10열)
대구 신매점,053-794-7772,대구,수성구,"신매동 30-5  외 19필지효성백년가약상가1,2,3,4호","대구 수성구 신매동 30-5  외 19필지효성백년가약상가1,2,3,4호"
대구칠곡점(직),053-311-0616,대구,북구,동천동 968 홈플러스칠곡점 2층 홈앤이브,대구 북구 동천동 968 홈플러스칠곡점 2층 홈앤이브
대전 관저점,042-541-0122,대전,서구,관저동 610-1번지 대전관저가구단지내1호,대전 서구 관저동 610-1번지 대전관저가구단지내1호
대전 산성점,042-581-5024,대전,중구,산성동 145-25,대전 중구 산성동 145-25
대전 송강점,042-935-2945,대전,유성구,송강동 49-4 송강재래시장 가101,대전 유성구 송강동 49-4 송강재래시장 가101
대전 오류점,042-536-4152,대전,중구,오류동 175-10호,대전 중구 오류동 175-10호
대전 용전 코디센,042-638-2929,대전,동구,용전동 20-12,대전 동구 용전동 20-12
대전 원동장미점,042-257-0368,대전,동구,원동 65-1,대전 동구 원동 65-1
대전 유성장대점,042-825-0370,대전,유성구,장대동 275-15,대전 유성구 장대동 275-15
대전 전민점(취),042-861-7728,대전,유성구,전민동 엑스포코아 3층 38호,대전 유성구 전민동 엑스포코아 3층 38호
코디센 둔산점,042-484-7942,대전,서구,탄방동 705번지,대전 서구 탄방동 705번지
부산 온천2점,051-553-1656,부산,동래구,온천2동 1401-9,부산 동래구 온천2동 1401-9
부산 덕천점,051-333-2797,부산,북구,덕천동 390-5,부산 북구 덕천동 390-5
부산 만덕점,051-331-2200,부산,북구,만덕동 839-1 동원상가 7동 102호,부산 북구 만덕동 839-1 동원상가 7동 102호
부산 개금점,051-951-3636,부산,부산진구,개금동 177-139 1층,부산 부산진구 개금동 177-139 1층
부산 화명점,051-335-2045,부산,북구,화명동 1409-1번지,부산 북구 화명동 1409-1번지
동래 수안점,051-556-7977,부산,동래구,수안동 464-2,부산 동래구 수안동 464-2
부산 남천점,051-623-9979,부산,수영구,남천동 18-4 ,부산 수영구 남천동 18-4 
부산 연산9동점,051-338-8636,부산,연제구,연산9동 406-8,부산 연제구 연산9동 406-8
해운대 좌동점,051-701-2188,부산,해운대구,좌1동 395-3 동우빌딩 1층,부산 해운대구 좌1동 395-3 동우빌딩 1층
부산 안락점,051-525-7977,부산,동래구,충렬대로 420 (안락동),부산 동래구 충렬대로 420 (안락동)
부산 구평점,051-266-7733,부산,사하구,구평동 112-12,부산 사하구 구평동 112-12
부산 국제시장점,051-245-9660,부산,중구,신창동 국제시장 4공구 A동하층19 한일침구,부산 중구 신창동 국제시장 4공구 A동하층19 한일침구
부산 기장점,051-721-5514,부산,기장군,기장읍 대라리 418-1 104호,부산 기장군 기장읍 대라리 418-1 104호
코디센 부곡점,051-582-7708,부산,금정구,부곡3동 225-24 순여성병원 1층,부산 금정구 부곡3동 225-24 순여성병원 1층
부산 하단점,070-8837-8285,부산,사하구,낙동남로 1398-1,부산 사하구 낙동남로 1398-1
부산 범일점,051-636-3441,부산,동구,범일2동 290 진시장 주차빌딩옆,부산 동구 범일2동 290 진시장 주차빌딩옆
부산 진시장점,051-646-5401,부산,동구,범일2동 290 진시장 지하층 침구부 17호,부산 동구 범일2동 290 진시장 지하층 침구부 17호
경남김해점(사),055-336-8950,부산,김해시,내동 1132-1 홈플러스 김해점 2층 홈앤이브,부산 김해시 내동 1132-1 홈플러스 김해점 2층 홈앤이브
부산해운대(사),051-742-2588,부산,해운대구,우1동 1406-2 홈플러스 해운대점 지하1층 홈앤이브,부산 해운대구 우1동 1406-2 홈플러스 해운대점 지하1층 홈앤이브
부산센텀점(직),051-741-3482,부산,해운대구,우2동 1499 홈플러스 센텀점 지하 1층 홈앤이브,부산 해운대구 우2동 1499 홈플러스 센텀점 지하 1층 홈앤이브
서부산(직),051-311-7069,부산,사상구,괘법동 529-1번지 홈플러스 지하1층 홈앤이브,부산 사상구 괘법동 529-1번지 홈플러스 지하1층 홈앤이브
코디센 신림점,02-868-5589,서울시,관악구,조원동 1669-6,서울시 관악구 조원동 1669-6
강서 염창점,02-3662-1543,서울시,강서구,염창동 282-11,서울시 강서구 염창동 282-11
광진 화양2점,02-467-2828,서울시,광진구,군자동 355-14,서울시 광진구 군자동 355-14
코디센 구의점,02-444-0033,서울시,광진구,구의동 355-14,서울시 광진구 구의동 355-14
코디센 거여점,02-407-0098,서울시,송파구,거여동 42-3 (신주소: 거마로 14),서울시 송파구 거여동 42-3 (신주소: 거마로 14)
코디센 신내점,02-436-5691,서울시,중랑구,상봉1동 488-1,서울시 중랑구 상봉1동 488-1
코디센 방배점,02-533-2808,서울시,서초구,방배동 795-18 1층,서울시 서초구 방배동 795-18 1층
코디센 전농점,02-2246-8587,서울시,동대문구,전농동 295-316,서울시 동대문구 전농동 295-316
코디센 미아점,02-986-0511,서울시,강북구,미아동 160-14,서울시 강북구 미아동 160-14
서울 남대문점,02-776-5140,서울시,중구,남창동 32 남대문시장 C동 2층 130호,서울시 중구 남창동 32 남대문시장 C동 2층 130호
동대문 용두점,02-959-2828,서울시,동대문구,용두동 40-3 봉우빌딩 1층,서울시 동대문구 용두동 40-3 봉우빌딩 1층
동대문 장안1점,02-2214-1986,서울시,동대문구,장안동 146-18,서울시 동대문구 장안동 146-18
동대문 장안2점,02-2248-3116,서울시,동대문구,장안동 337-19 극동빌딩 1층,서울시 동대문구 장안동 337-19 극동빌딩 1층
동대문 장한평점,02-2213-9356,서울시,동대문구,장안1동 432-1,서울시 동대문구 장안1동 432-1
서울 밀리오레점,02-3393-0379,서울시,중구,"을지로6가 밀리오레 6층  94~96, 104~107,110호","서울시 중구 을지로6가 밀리오레 6층  94~96, 104~107,110호"
서울 신당4동점,02-2234-8107,서울시,중구,신당4동 370-119,서울시 중구 신당4동 370-119
성동 행당점,02-2294-5723,서울시,성동구,행당1동 229-4 한양빌딩 1층,서울시 성동구 행당1동 229-4 한양빌딩 1층
용산 원효로2가점,02-702-3776,서울시,용산구,"원효로2가 94-2 104호,105호","서울시 용산구 원효로2가 94-2 104호,105호"
종로 종로4가점,02-2274-0607,서울시,종로구,예지동 6-1 광장시장 하층 214,서울시 종로구 예지동 6-1 광장시장 하층 214
종로 종로6점,02-2279-3803,서울시,종로구,종로6가 동대문종합시장c-1002-4,서울시 종로구 종로6가 동대문종합시장c-1002-4
강북 삼양점,02-945-7752,서울시,강북구,"미아1동 703-53,54,55 1층","서울시 강북구 미아1동 703-53,54,55 1층"
강북 수유1동점(취),02-989-8088,서울시,강북구,수유1동 63번지 수유프라자 3층 이브자리,서울시 강북구 수유1동 63번지 수유프라자 3층 이브자리
광진 자양3동점,02-461-7338,서울시,광진구,자양3동 553-205호,서울시 광진구 자양3동 553-205호
광진 중곡점,02-444-0247,서울시,광진구,중곡4동 79-12,서울시 광진구 중곡4동 79-12
마포 망원점(취),02-337-5175,서울시,마포구,망원동 57-151,서울시 마포구 망원동 57-151
서대문 남가좌점(취),02-306-7767,서울시,서대문구,남가좌동 154-2,서울시 서대문구 남가좌동 154-2
성북 길음점(취),02-913-5240,서울시,성북구,길음동 531-25,서울시 성북구 길음동 531-25
성북 삼선교점,02-921-1911,서울시,성북구,"동소문동3가 9,10번지 연진빌딩 1층","서울시 성북구 동소문동3가 9,10번지 연진빌딩 1층"
성북 종암점,02-921-2066,서울시,성북구,종암동 86-12번지(1층)/921-2044,서울시 성북구 종암동 86-12번지(1층)/921-2044
중랑 망우1동점,02-439-6825,서울시,중랑구,망우1동 360-4,서울시 중랑구 망우1동 360-4
중랑 면목3동점,02-436-4311,서울시,중랑구,면목3동 458-31,서울시 중랑구 면목3동 458-31
중랑 면목본동점,02-493-1612,서울시,중랑구,면목본동 67-2,서울시 중랑구 면목본동 67-2
중랑 면목점,02-437-2781,서울시,중랑구,면목동 181-2,서울시 중랑구 면목동 181-2
중랑 묵1동점,02-973-3777,서울시,중랑구,묵1동 166-40,서울시 중랑구 묵1동 166-40
중랑 상봉2동점,02-435-8927,서울시,중랑구,상봉2동 101-4,서울시 중랑구 상봉2동 101-4
강동 둔촌점,"02-483-9683,4",서울시,강동구,성내동 415-8 102~104호,서울시 강동구 성내동 415-8 102~104호
강동 암사점,02-481-2011,서울시,강동구,암사동 504-37,서울시 강동구 암사동 504-37
강동 천호1동점,02-485-7765,서울시,강동구,천호1동 280-6,서울시 강동구 천호1동 280-6
강서 방화점,02-2663-6183,서울시,강서구,방화1동 580-25,서울시 강서구 방화1동 580-25
강서 화곡본동점,02-2606-3091,서울시,강서구,화곡동 110-10 두경빌딩1층,서울시 강서구 화곡동 110-10 두경빌딩1층
강서 화곡점(취),02-2643-2485,서울시,강서구,화곡동 804-3,서울시 강서구 화곡동 804-3
코디센 가락본동점,02-407-4955,서울시,송파구,가락본동 125-3 1층,서울시 송파구 가락본동 125-3 1층
송파 방이점,02-417-6508,서울시,송파구,송파동 142-3 그루빌딩 1층,서울시 송파구 송파동 142-3 그루빌딩 1층
(신)성동 금호점,02-6010-5297,서울시,성동구,금호동4가 144-1번지,서울시 성동구 금호동4가 144-1번지
관악 난곡점,02-853-7891,서울시,관악구,신림12동 727-19,서울시 관악구 신림12동 727-19
관악 신림4점(취),02-883-3452,서울시,관악구,신림4동 504-6번지,서울시 관악구 신림4동 504-6번지
관악 신림6점,02-874-6387,서울시,관악구,신림동 395-56,서울시 관악구 신림동 395-56
구로 고척2동점(취),02-2684-3568,서울시,구로구,고척2동 257-10,서울시 구로구 고척2동 257-10
구로 테크노마트점,02-2111-4200,서울시,구로구,구로동 3-25번지  테크노마트2층,서울시 구로구 구로동 3-25번지  테크노마트2층
금천 독산점(취),02-851-1177,서울시,금천구,독산동 980-36,서울시 금천구 독산동 980-36
금천 시흥영진점,02-802-7829,서울시,금천구,시흥5동 909-15,서울시 금천구 시흥5동 909-15
동작 사당원앙점,02-582-3301,서울시,동작구,사당동 1038-36,서울시 동작구 사당동 1038-36
동작 상도점,02-822-9359,서울시,동작구,대방동 335-25,서울시 동작구 대방동 335-25
양천 목3동점,02-2647-0488,서울시,양천구,목동 616-1,서울시 양천구 목동 616-1
양천 신월7동점,02-2603-2358,서울시,양천구,신월7동 952-1 1층 6-7호,서울시 양천구 신월7동 952-1 1층 6-7호
양천 신월2동점,02-2606-2582,서울시,양천구,양천 2동 512-13,서울시 양천구 양천 2동 512-13
영등포 신길점(취),02-844-4230,서울시,영등포구,신길동 254-1호 사러가쇼핑내,서울시 영등포구 신길동 254-1호 사러가쇼핑내
은평 녹번점,02-353-0277,서울시,은평구,녹번동 226 1층,서울시 은평구 녹번동 226 1층
은평 연신내(취),02-389-6167,서울시,은평구,불광동 320-19,서울시 은평구 불광동 320-19
은평 응암점,02-382-0005,서울시,은평구,응암동 98-48 1층,서울시 은평구 응암동 98-48 1층
은평 증산점,02-308-8965,서울시,은평구,증산동 164-1,서울시 은평구 증산동 164-1
노원 상계1동점,02-937-6829,서울시,노원구,상계1동 1025-9,서울시 노원구 상계1동 1025-9
노원 상계3점(취),02-938-4855,서울시,노원구,상계3동 93-8,서울시 노원구 상계3동 93-8
노원 중계3동점,02-948-5226,서울시,노원구,중계3동 509-1 時&美 건물 1층,서울시 노원구 중계3동 509-1 時&美 건물 1층
도봉 도봉1점,02-956-0791,서울시,도봉구,도봉1동 563 -18번지 1층,서울시 도봉구 도봉1동 563 -18번지 1층
도봉 창2동점,02-974-8200,서울시,도봉구,창1동 661-80,서울시 도봉구 창1동 661-80
도봉 한신점(취),02-955-5488,서울시,도봉구,"도봉동 30-1 한신쇼핑센터 2층 2,3,5호","서울시 도봉구 도봉동 30-1 한신쇼핑센터 2층 2,3,5호"
(신)노원 공릉점,02-978-5600,서울시,노원구,공릉동 576-24호  (동일로 1027번지),서울시 노원구 공릉동 576-24호  (동일로 1027번지)
강서강서점(사),02-2658-2677,서울시,강서구,등촌동 639-11 강서 홈플러스 4층 홈앤이브,서울시 강서구 등촌동 639-11 강서 홈플러스 4층 홈앤이브
영등포점(사),02-2678-0080,서울시,영등포구,문래동3가 55-3 홈플러스 내 지하1층 홈앤이브,서울시 영등포구 문래동3가 55-3 홈플러스 내 지하1층 홈앤이브
강동(홈)(직),02-470-7330,서울시,강동구,천호동 42번지 홈플러스 2층 홈앤이브,서울시 강동구 천호동 42번지 홈플러스 2층 홈앤이브
강서가양점(직),02-2658-7858,서울시,강서구,가양2동 18-24 가양 홈플러스 B2 홈앤이브,서울시 강서구 가양2동 18-24 가양 홈플러스 B2 홈앤이브
양천목동점(직),02-2061-0387,서울시,양천구,목동 919-7 홈플러스 지하1층 홈앤이브,서울시 양천구 목동 919-7 홈플러스 지하1층 홈앤이브
울산 무거점,052-225-2225,울산,남구,무거동 220-5,울산 남구 무거동 220-5
울산 삼산점,052-260-7985,울산,남구,삼산동 1623-4,울산 남구 삼산동 1623-4
울산 수암점,052-267-0198,울산,남구,야음동 701-30 한라에이스빌상가 108호,울산 남구 야음동 701-30 한라에이스빌상가 108호
울산 신정점,052-275-5051,울산,남구,신정3동 495-4,울산 남구 신정3동 495-4
울산 옥교점,052-241-5430,울산,중구,옥교동 120-2번지 센트럴프라자 2층,울산 중구 옥교동 120-2번지 센트럴프라자 2층
부평 부평5점,032-522-8339,인천시,부평구,부평5동 507-1,인천시 부평구 부평5동 507-1
코디센 작전점,032-555-3633,인천시,계양구,작전1동 865-31 상운빌딩 1층,인천시 계양구 작전1동 865-31 상운빌딩 1층
인천 강화점,032-933-1888,인천시,강화군,강화읍 관청리 170-16 1층,인천시 강화군 강화읍 관청리 170-16 1층
부평 갈산점,032-524-7273,인천시,부평구,갈산동 170-18,인천시 부평구 갈산동 170-18
부평 삼산점,032-330-7945,인천시,부평구,삼산동 465-1 대덕리치아노 1층 138~139호,인천시 부평구 삼산동 465-1 대덕리치아노 1층 138~139호
부평 청천점,032-361-0008,인천시,부평구,청천동 386 아이즈빌 아울렛 4동 2층 30호,인천시 부평구 청천동 386 아이즈빌 아울렛 4동 2층 30호
인천 가정점,032-576-9630,인천시,서구,가정동 510-17 콜롬비아 공원앞 이브자리 신현점,인천시 서구 가정동 510-17 콜롬비아 공원앞 이브자리 신현점
인천 가좌1동점(취),032-584-4752,인천시,서구,가좌1동 143-128,인천시 서구 가좌1동 143-128
인천 가좌2동점,032-576-4463,인천시,서구,가좌2동 30-29,인천시 서구 가좌2동 30-29
인천 계산점,032-556-6778,인천시,계양구,"계산동 12-1 명인프라자 1층  103, 104","인천시 계양구 계산동 12-1 명인프라자 1층  103, 104"
인천 공촌점,032-567-2030,인천시,서구,공촌동 305-12,인천시 서구 공촌동 305-12
인천 마전점,032-572-4414,인천시,서구,마전동 25블럭 9롯트,인천시 서구 마전동 25블럭 9롯트
인천 석남2동점(취),032-571-3486,인천시,서구,석남2동 575번지 한승빌딩 2층,인천시 서구 석남2동 575번지 한승빌딩 2층
인천 송도신도시점,032-831-8889,인천시,연수구,송도동 3-1 송도 밀레니엄 상가 121-1호,인천시 연수구 송도동 3-1 송도 밀레니엄 상가 121-1호
인천 송도점,032-834-4706,인천시,연수구,옥련동 307-1 1층,인천시 연수구 옥련동 307-1 1층
인천 연수점,032-815-0350,인천시,연수구,연수2동 600-1,인천시 연수구 연수2동 600-1
인천 연희점(청라),032-561-0477,인천시,서구,연희동 801-1 엑슬로타워상가 B동145호,인천시 서구 연희동 801-1 엑슬로타워상가 B동145호
인천 간석2동점(취),032-425-0903,인천시,남동구,간석2동 205-3 올리브 백화점 내 희망혼수,인천시 남동구 간석2동 205-3 올리브 백화점 내 희망혼수
인천 논현점,032-446-5022,인천시,남동구,논현동 논현택지지구 32블럭 4로트,인천시 남동구 논현동 논현택지지구 32블럭 4로트
인천 만수6점,032-465-6149,인천시,남동구,만수동 1024,인천시 남동구 만수동 1024
인천 양지점,032-466-1282,인천시,남동구,구월4동 1264-45,인천시 남동구 구월4동 1264-45
인천 용현점,032-889-8292,인천시,남구,용현동 577-67,인천시 남구 용현동 577-67
인천 주안7동점(취),032-866-5678,인천시,남구,"주안동 1315-15  남부 종합상가 7동 10, 11호","인천시 남구 주안동 1315-15  남부 종합상가 7동 10, 11호"
인천 주안8동점,032-432-0370,인천시,남구,주안동 1497-16,인천시 남구 주안동 1497-16
인천 주안점,032-423-1933,인천시,남구,주안동 989-5 한사랑메디칼 101,인천시 남구 주안동 989-5 한사랑메디칼 101
인천 간석점,032-250-3701,인천시,부평구,십정동 557-16,인천시 부평구 십정동 557-16
인천 학익점,032-864-3030,인천시,남구,학익동 209-3 학익프라자 104호,인천시 남구 학익동 209-3 학익프라자 104호
인천간석점(사),032-864-1933,인천시,남동구,간석동 616-4 2층 홈앤이브,인천시 남동구 간석동 616-4 2층 홈앤이브
인천계산점(사),070-8828-6778,인천시,계양구,계산동 1061 4층 홈앤이브,인천시 계양구 계산동 1061 4층 홈앤이브
인천인하점(사),032-888-9805,인천시,남구,용현동 292-2 홈플러스 1층 홈앤이브,인천시 남구 용현동 292-2 홈플러스 1층 홈앤이브
인천연수점(사),032-815-0353,인천시,연수구,동춘동 청능대로 210 홈플러스 지하1층 홈앤이브,인천시 연수구 동춘동 청능대로 210 홈플러스 지하1층 홈앤이브
인천가좌점(사),032-581-1231,인천시,서구,가좌동 118 홈플러스 3층 홈앤이브,인천시 서구 가좌동 118 홈플러스 3층 홈앤이브
순천 조례점,061-724-6324,전남,순천시,조례동 1587-11,전남 순천시 조례동 1587-11
(신)여수 학동점,061-686-2942,전남,여수시,학동 36-1 이레타운 103호,전남 여수시 학동 36-1 이레타운 103호
순천 덕암점,061-745-6324,전남,순천시,덕암동 223-3,전남 순천시 덕암동 223-3
여수 문수점,061-655-2979,전남,여수시,문수동 45-4 (좌수영로 339),전남 여수시 문수동 45-4 (좌수영로 339)
전남 동광양점,061-793-3298,전남,광양시,중동 1676-1번지,전남 광양시 중동 1676-1번지
목포 상동점,061-282-8028,전남,목포시,상동 867,전남 목포시 상동 867
목포 옥암점,061-282-8029,전남,목포시,옥암동 1035-9,전남 목포시 옥암동 1035-9
전남 장흥점(취),061-863-3500,전남,장흥군,장흥읍 건산리 721,전남 장흥군 장흥읍 건산리 721
전남 진도점(취),061-544-3319,전남,진도군,진도읍 남문길 57번지,전남 진도군 진도읍 남문길 57번지
전북 고창점,063-564-3610,전북,고창군,고창읍 읍내리 576-14,전북 고창군 고창읍 읍내리 576-14
전북 부안점,063-584-4027,전북,부안군,부안읍 서외리42-20,전북 부안군 부안읍 서외리42-20
군산 수송점,063-471-6262,전북,군산시,수송동 825-1번지,전북 군산시 수송동 825-1번지
군산 경암점,063-446-7161,전북,군산시,경암동 590-320  102,전북 군산시 경암동 590-320  102
군산 한일점,063-445-4461,전북,군산시,평화동 113-2,전북 군산시 평화동 113-2
익산 영등점,063-837-8942,전북,익산시,영등동 350-15,전북 익산시 영등동 350-15
전주 덕진점,063-273-1182,전북,전주시,"덕진구 덕진동2가 214-1, 2, 5번지","전북 전주시 덕진구 덕진동2가 214-1, 2, 5번지"
전주 효자점,063-229-8181,전북,전주시,완산구 효자동3가 37-47,전북 전주시 완산구 효자동3가 37-47
남원 하정점,063-633-8633,전북,남원시,하정동 150-2,전북 남원시 하정동 150-2
익산 모현점,063-837-1611,전북,익산시,모현동 1가 374-1 2층 ,전북 익산시 모현동 1가 374-1 2층 
익산 마동점,063-834-4900,전북,익산시,마동 153-36,전북 익산시 마동 153-36
익산 부송점,063-836-1611,전북,익산시,부송동 214-5번지,전북 익산시 부송동 214-5번지
익산 인화점,063-851-1818,전북,익산시,인화동1가 107-4,전북 익산시 인화동1가 107-4
전북 김제점,063-544-2133,전북,김제시,요촌동 449-3,전북 김제시 요촌동 449-3
전주 모래내,063-254-2754,전북,전주시,덕진구 인후동2가 236-54 우아주단,전북 전주시 덕진구 인후동2가 236-54 우아주단
전주 서신점,063-253-8589,전북,전주시,완산구 서신동 781번지,전북 전주시 완산구 서신동 781번지
전주 인후점,063-245-0085,전북,전주시,덕진구 인후동1가 927-5번지,전북 전주시 덕진구 인후동1가 927-5번지
전주 전동점,063-284-3574,전북,전주시,완산구 전동 93-1,전북 전주시 완산구 전동 93-1
전주 평화점,063-232-9991,전북,전주시,"완산구 평화동 1가 406-9,10","전북 전주시 완산구 평화동 1가 406-9,10"
전북 정읍점,063-538-2022,전북 ,정읍시,상동 393-3,전북  정읍시 상동 393-3
제주 코디센 외도점,064-711-6700,제주도,제주시,외도1동 401-2(신주소: 제주시 일주서로 7306),제주도 제주시 외도1동 401-2(신주소: 제주시 일주서로 7306)
구제주점,064-727-2233,제주도,제주시,삼도 1동 522-5,제주도 제주시 삼도 1동 522-5
제주 서귀포점,064-733-2552,제주도,서귀포시,서귀동 292-10,제주도 서귀포시 서귀동 292-10
제주 연동점,064-746-3900,제주도,제주시,연동 252-14 다울하우스 105,제주도 제주시 연동 252-14 다울하우스 105
창원점(직),055-286-5634,창원시,의창구,팔용동 30-3 홈플러스 4층 홈앤이브,창원시 의창구 팔용동 30-3 홈플러스 4층 홈앤이브
아산 배방점,041-547-0012,충남,아산시,배방읍 공수리 68-35,충남 아산시 배방읍 공수리 68-35
아산 온양온천점,041-544-5892,충남,아산시,온천1동 98-7,충남 아산시 온천1동 98-7
천안 백석점,041-621-6636,충남,천안시,백석동 9-3,충남 천안시 백석동 9-3
천안 성정점,041-577-3242,충남,천안시,서북구 성정동 861,충남 천안시 서북구 성정동 861
천안 쌍용점,041-575-2942,충남,천안시,서북구 쌍용1동 210-11,충남 천안시 서북구 쌍용1동 210-11
천안 영성점,041-551 7393,충남,천안시,동남구 영성동 47-25,충남 천안시 동남구 영성동 47-25
천안 직산점,041-583-9058,충남,천안시,직산읍 삼은리 256-14,충남 천안시 직산읍 삼은리 256-14
충남 조치원점(취),041-863-1024,충남,연기군,조치원읍 원리 1-10번지,충남 연기군 조치원읍 원리 1-10번지
공주 옥룡점,041-852-1900,충남,공주시,옥룡동 306-6,충남 공주시 옥룡동 306-6
공주 신관점,041-854-8954,충남,공주시,신관동 586-18,충남 공주시 신관동 586-18
충남 계룡점,042-841-5506,충남,계룡시 ,"금암동 14-7 금암프라자 101,102호","충남 계룡시  금암동 14-7 금암프라자 101,102호"
논산 오복점,041-735-3072,충남,논산시,취암동 1051-24,충남 논산시 취암동 1051-24
논산(신)연무점,041-742-8789,충남,논산시,연무읍 마산리 701-9(코러스마트) 건너편,충남 논산시 연무읍 마산리 701-9(코러스마트) 건너편
서산 동문점(취),041-667-5033,충남,서산시,동문동 900,충남 서산시 동문동 900
서산 읍내점,041-666-3500,충남,서산시,읍내동 25-5,충남 서산시 읍내동 25-5
서산 해미점(취),041-688-2601,충남,서산시,해미면 읍내리 184-1,충남 서산시 해미면 읍내리 184-1
충남 당진점,041-355-4359,충남,당진시,읍내동 642-3번지,충남 당진시 읍내동 642-3번지
충남 예산점,041-333-4191,충남,예산군,예산읍 산성리 351-4,충남 예산군 예산읍 산성리 351-4
충남 청양점(취),041-943-6991,충남,청양군,청양읍 읍내리 196-17,충남 청양군 청양읍 읍내리 196-17
충남 태안점,041-674-0220,충남,태안군,태안읍 동문리 258-7,충남 태안군 태안읍 동문리 258-7
충남 홍성점,041-633-1472,충남,홍성군,홍성읍 오관리 260-1,충남 홍성군 홍성읍 오관리 260-1
천안신방(사),041-579-6710,충남,천안시,동남구 신방동 784-9 홈플러스내 1층 홈앤이브,충남 천안시 동남구 신방동 784-9 홈플러스내 1층 홈앤이브
충주 문화점,043-854-6436,충북,충주시,문화동 569-1,충북 충주시 문화동 569-1
충주 연수점,043-851-2229,충북,충주시,연수동 1716,충북 충주시 연수동 1716
제천 강제점,043-651-0422,충북,제천시,강제동 687번지,충북 제천시 강제동 687번지
제천 의림점,043-645-7945,충북,제천시,의림동 31-1의림빌딩 1층,충북 제천시 의림동 31-1의림빌딩 1층
제천 중앙로점,043-645-8683,충북,제천시,중앙로1가 77번지 중앙시장내 2층 라동 138호,충북 제천시 중앙로1가 77번지 중앙시장내 2층 라동 138호
(신)청원 남이점,043-268-8779,충북,청원군,남이면 외천리 109-2,충북 청원군 남이면 외천리 109-2
청주 가경점,043-238-2252,충북,청주시,흥덕구 가경동 1453-4 101호,충북 청주시 흥덕구 가경동 1453-4 101호
청주 금천 코디센점,043-223-8585,충북,청주시,상당구 금천동 242-1,충북 청주시 상당구 금천동 242-1
청주 모충점,043-276-9893,충북,청주시,흥덕구 모충동 448-12,충북 청주시 흥덕구 모충동 448-12
청주 미평점,043-285-8777,충북,청주시,흥덕구 미평동114-1번지,충북 청주시 흥덕구 미평동114-1번지
청주 복대점,043-276-8947,충북,청주시,흥덕구 복대동 781-13,충북 청주시 흥덕구 복대동 781-13
청주 분평점,043-294-7789,충북,청주시,흥덕구 분평동 86,충북 청주시 흥덕구 분평동 86
청주 상당구남문로점,043-252-9537,충북,청주시,상당구 남문로1가 236-2,충북 청주시 상당구 남문로1가 236-2
청주 율량점,043-216-3560,충북,청주시,상당구 율량동 1066,충북 청주시 상당구 율량동 1066
청주 탑동점,043-224-0270,충북,청주시,상당구 탑동 151-5,충북 청주시 상당구 탑동 151-5
충북 보은점,043-544-2458,충북,보은군,보은읍 삼산리 31-15,충북 보은군 보은읍 삼산리 31-15
충북 진천점,043-533-2281,충북,진천군,진천읍 읍내리 2구 4반 88-6,충북 진천군 진천읍 읍내리 2구 4반 88-6
충북청주(사),043-234-2252,충북,청주시,흥덕구 가경동 1696 홈플러스 청주점 3층 홈앤이브,충북 청주시 흥덕구 가경동 1696 홈플러스 청주점 3층 홈앤이브